{"X": [0.0, 0.3, 0.6, 0.9, 1.2, 1.5, 1.8, 2.09934621403183, 2.36015576467872, 2.50316597143001, 2.48681974798905, 2.31976151983766, 2.0684051472727703, 1.8133400065538898, 1.558274865835, 1.30320972511612, 1.06237931851204, 0.9262165408218059, 0.92893275577151, 1.05473936515909, 1.20473936515909, 1.2817744985136998, 1.11778119332409, 0.839954824092789, 0.540721958259051, 0.240721992750712, -0.0590899590370498, -0.324799191743074, -0.4897659855169771, -0.551264882783603, -0.544145681918648, -0.51266294529414, -0.5, -0.5, -0.507485860323326, -0.538495556538684, -0.5539159565569611, -0.509140825938421, -0.36595579012754204, -0.11654946800789999, 0.0], "Y": [0.0, 0.0, 0.0, 0.0, 0.0, 0.0, 0.0, -0.009883937049452559, -0.149361993920416, -0.40851203804445096, -0.7042734165581229, -0.9491433155975629, -1.11243877248669, -1.2703684213499, -1.42829807021311, -1.58622771907631, -1.76287577966108, -2.02667542743476, -2.3239100605107597, -2.59481136162961, -2.8546189827649395, -3.1356228025798702, -3.37813972554685, -3.4840421407036204, -3.50004928685621, -3.5, -3.49590826052877, -3.36674941090332, -3.1192873766463305, -2.82685697098724, -2.5272511656356897, -2.2289129090060897, -1.92935205537877, -1.62935205537877, -1.3295618260041202, -1.03117998669619, -0.731782855943356, -0.436114018703455, -0.175076213757101, -0.0159116837721767, 0.0], "X_i": [1.8369701987210297e-17, 0.3, 0.6, 0.9, 1.2, 1.5, 1.8, 2.0403244896473898, 2.14885858001208, 2.2105194304195095, 2.20296950496889, 2.12519545956729, 1.9104754984095702, 1.65541035769068, 1.4003452169718, 1.1452800762529098, 0.838784861167532, 0.6340110781792261, 0.6376367097133051, 0.79493174402376, 0.944931744023759, 0.987048270518727, 0.943437559923103, 0.792564488739695, 0.541170505863592, 0.240721992750712, -0.0180301658902118, -0.12195477625213601, -0.21036367601962802, -0.251934568703268, -0.245343464904798, -0.214042591616228, -0.2, -0.2, -0.20843850514755896, -0.24006857729408604, -0.25400586203217895, -0.22263611357757698, -0.141874675797545, -0.0372514723532629, 1.8369701987210297e-17], "Y_i": [-0.3, -0.3, -0.3, -0.3, -0.3, -0.3, -0.3, -0.304020701243742, -0.362325605253327, -0.474527203230877, -0.607170174916074, -0.7207926024590591, -0.857373631767808, -1.0153032806310098, -1.17323292949422, -1.33116257835743, -1.56286198352487, -1.95873451485746, -2.39564996259361, -2.74481136162961, -3.00461898276494, -3.0796187801184702, -3.13399981178316, -3.1878088608123796, -3.2000496221813197, -3.2, -3.1987313883015798, -3.14571967737378, -3.01004292851487, -2.80682292315441, -2.55403241108112, -2.2576511130084, -1.92935205537877, -1.62935205537877, -1.30567292978896, -1.00049875368732, -0.7391269149120991, -0.5250805843055399, -0.374544642839566, -0.305241647455783, -0.3], "X_o": [1.8369701987210297e-17, 0.3, 0.6, 0.9, 1.2, 1.5, 1.8, 2.15836793841627, 2.57145294934535, 2.7958125124405098, 2.7706699910092203, 2.51432758010804, 2.22633479613598, 1.97126965541709, 1.7162045146982101, 1.4611393739793301, 1.28597377585655, 1.2184220034643898, 1.22022880182971, 1.31454698629442, 1.46454698629442, 1.57650072650867, 1.2921248267250902, 0.8873451594458821, 0.540273410654511, 0.240721992750712, -0.100149752183888, -0.527643607234011, -0.769168295014327, -0.8505951968639379, -0.842947898932498, -0.811283298972053, -0.8, -0.8, -0.8065332154990921, -0.8369225357832819, -0.8538260510817429, -0.7956455382992651, -0.5900369044575401, -0.195847463662537, 1.8369701987210297e-17], "Y_o": [0.3, 0.3, 0.3, 0.3, 0.3, 0.3, 0.3, 0.28425282714483696, 0.0636016174124943, -0.34249687285802605, -0.8013766582001729, -1.17749402873607, -1.3675039132055802, -1.52543356206878, -1.6833632109319898, -1.8412928597951999, -1.9628895757972802, -2.09461634001205, -2.25217015842792, -2.44481136162961, -2.7046189827649396, -3.1916268250412596, -3.62227963931054, -3.78027542059486, -3.8000489515311004, -3.8, -3.7930851327559703, -3.58777914443286, -3.2285318247777903, -2.84689101882006, -2.50046992019027, -2.20017470500378, -1.92935205537877, -1.62935205537877, -1.3534507222192902, -1.06186121970506, -0.724438796974612, -0.34714745310136996, 0.0243922153253645, 0.27341827991143, 0.3]}