{"X": [-1.0, -0.7, -0.4, -0.1, 0.2, 0.5, 0.8, 1.09867109169283, 1.33105573368078, 1.41259108141934, 1.3594200458310801, 1.2267433375165, 1.0767433375165, 0.9267433375165001, 0.776743337516499, 0.626969976718879, 0.5165186582657321, 0.5, 0.5, 0.41971480052597204, 0.186451559406214, -0.103731652882709, -0.403476913624615, -0.703474070476775, -1.0034740704767802, -1.30347407047678, -1.60347407047678, -1.9034740704767799, -2.20347407047677, -2.50347396004597, -2.7447208875137, -2.76429815339199, -2.59337732707407, -2.3351135219798596, -2.05365665806643, -1.78183221652305, -1.56772517388498, -1.5, -1.5, -1.50664765636648, -1.5373847793199098, -1.55414089934836, -1.5122691242232298, -1.37304201532108, -1.1268990631167901, -1.0], "Y": [2.0, 2.0, 2.0, 2.0, 2.0, 2.0, 2.0, 1.9859063887726798, 1.8066407360103203, 1.5218069799913503, 1.22829516249564, 0.959718278964096, 0.699910657828765, 0.440103036693433, 0.18029541555810102, -0.0796255993171343, -0.35754732971736697, -0.65630002888613, -0.95630002888613, -1.2390623896392299, -1.42204591758017, -1.4929271968866598, -1.50067747257539, -1.5, -1.5, -1.5, -1.5, -1.5, -1.5, -1.49997600891636, -1.3462850972655702, -1.05508062133925, -0.813237328997377, -0.662861165270697, -0.559143904372261, -0.43351467483758294, -0.22719655618823897, 0.0598813371437856, 0.359881337143785, 0.659704249940044, 0.958110859268176, 1.25745290956505, 1.5535839391136501, 1.81681809945831, 1.9811217539263302, 2.0], "X_i": [-1.0, -0.7, -0.4, -0.1, 0.2, 0.5, 0.8, 1.0433099350855601, 1.16233937270672, 1.21263253172338, 1.17149246810203, 1.05353825675961, 0.9035382567596121, 0.7535382567596122, 0.603538256759611, 0.450753030408919, 0.32138546139839697, 0.3, 0.3, 0.257177792554399, 0.10542625083240699, -0.123182565356514, -0.40140079239201004, -0.703474070476775, -1.0034740704767802, -1.30347407047678, -1.60347407047678, -1.9034740704767799, -2.20347407047677, -2.5007128373517205, -2.56856733494774, -2.5742156093534803, -2.46466649064297, -2.25762995436129, -1.98495517828161, -1.67600319866918, -1.3974439641040302, -1.3, -1.3, -1.3072267412621699, -1.33847004511592, -1.35417095881836, -1.32053861599515, -1.22129996183082, -1.06956209204472, -1.0], "Y_i": [1.8, 1.8, 1.8, 1.8, 1.8, 1.8, 1.8, 1.7937212115630299, 1.6992405984886598, 1.5177353214241898, 1.2967292587407802, 1.0597182789641, 0.799910657828765, 0.540103036693433, 0.280295415558101, 0.0149660907681617, -0.31369490127453303, -0.65630002888613, -0.95630002888613, -1.12252174848925, -1.2391937932541999, -1.29387528907381, -1.30068824856413, -1.3, -1.3, -1.3, -1.3, -1.3, -1.3, -1.2999950693209399, -1.2515754044226899, -1.11727890469054, -0.9663174406553191, -0.8472420122941821, -0.7469738984503521, -0.603220947497394, -0.332097984183935, 0.0598813371437856, 0.359881337143785, 0.674912754763335, 0.9789177936064309, 1.25398550644051, 1.4966681046332198, 1.68653245480564, 1.78951676508659, 1.8], "X_o": [-1.0, -0.7, -0.4, -0.1, 0.2, 0.5, 0.8, 1.1540322483001002, 1.4997720946548403, 1.6125496311153, 1.5473476235601398, 1.39994841827339, 1.24994841827339, 1.0999484182733898, 0.949948418273387, 0.8031869230288391, 0.7116518551330671, 0.7, 0.7, 0.5822518084975451, 0.26747686798001996, -0.0842807404089037, -0.405553034857221, -0.703474070476775, -1.0034740704767802, -1.30347407047678, -1.60347407047678, -1.9034740704767799, -2.20347407047677, -2.50623508274022, -2.9208744400796496, -2.9543806974304996, -2.7220881635051604, -2.41259708959844, -2.1223581378512497, -1.8876612343769101, -1.73800638366593, -1.7, -1.7, -1.70606857147079, -1.7362995135238999, -1.75411083987836, -1.7039996324513, -1.52478406881133, -1.18423603418886, -1.0], "Y_o": [2.2, 2.2, 2.2, 2.2, 2.2, 2.2, 2.2, 2.17809156598233, 1.91404087353197, 1.5258786385585201, 1.15986106625049, 0.859718278964096, 0.599910657828765, 0.340103036693433, 0.0802954155581013, -0.17421728940242998, -0.40139975816020207, -0.65630002888613, -0.95630002888613, -1.35560303078921, -1.6048980419061398, -1.69197910469951, -1.70066669658666, -1.7, -1.7, -1.7, -1.7, -1.7, -1.7, -1.6999569485117798, -1.44099479010845, -0.992882337987968, -0.6601572173394351, -0.47848031824721293, -0.37131391029417, -0.263808402177773, -0.122295128192544, 0.0598813371437857, 0.359881337143785, 0.6444957451167529, 0.93730392492992, 1.2609203126895903, 1.61049977359407, 1.94710374411098, 2.17272674276608, 2.2]}