{"X": [-1.0, -0.9, -0.8, -0.7, -0.6, -0.5, -0.4, -0.3, -0.2, -0.1, 0.0, 0.1, 0.2, 0.3, 0.4, 0.5, 0.6, 0.7, 0.8, 0.9, 1.0, 1.09867109169283, 1.19002325570898, 1.2686170806092, 1.33105573368078, 1.3757614505427802, 1.40262096533456, 1.41259108141934, 1.40732737241707, 1.3888725615361899, 1.3594200458310801, 1.32115335668617, 1.27615354612029, 1.2267433375165, 1.1767433375165, 1.1267433375165001, 1.0767433375165, 1.0267433375165, 0.976743337516499, 0.9267433375164991, 0.876743337516499, 0.826743337516499, 0.776743337516499, 0.726573191218635, 0.67593834037046, 0.626969976718879, 0.582221943424058, 0.5444228803997321, 0.5165186582657321, 0.501624202577812, 0.5, 0.5, 0.5, 0.5, 0.5, 0.49575333051555, 0.46859245161411894, 0.41971480052597204, 0.353557990985772, 0.274504498604025, 0.186451559406214, 0.0925838790445635, -0.00469654346091675, -0.103731652882709, -0.203501108112733, -0.30347948303854805, -0.403476913624616, -0.503474070476776, -0.6034740704767769, -0.703474070476776, -0.8034740704767759, -0.903474070476777, -1.0034740704767802, -1.10347407047678, -1.2034740704767801, -1.30347407047678, -1.4034740704767799, -1.50347407047678, -1.60347407047678, -1.70347407047678, -1.80347407047678, -1.9034740704767799, -2.0034740704767797, -2.10347407047678, -2.2034740704767795, -2.3034740704767795, -2.4034740704767796, -2.50347396004597, -2.6007311804383, -2.68414447735285, -2.7447208875137, -2.7781261111910296, -2.7839000894824704, -2.76429815339199, -2.72311881369639, -2.66472990020883, -2.59337732707407, -2.51277447185535, -2.42592454415721, -2.3351135219798596, -2.24201527722879, -2.14786318513245, -2.05365665806643, -1.96038236416305, -1.86923617291468, -1.78183221652305, -1.70037982349475, -1.62779825417301, -1.56772517388498, -1.5243616557962, -1.5020910168181398, -1.5, -1.5, -1.5, -1.5, -1.5, -1.5010322889007899, -1.50664765636648, -1.51568517985695, -1.5264825743150499, -1.5373847793199098, -1.54673724694158, -1.55287879381495, -1.55414089934836, -1.5488603618581203, -1.53541217480908, -1.5122691242232298, -1.4780935897400098, -1.4318649155152101, -1.37304201532108, -1.30175514281284, -1.2190127348781001, -1.1268990631167901, -1.02872690703264, -1.0], "Y": [2.0, 2.0, 2.0, 2.0, 2.0, 2.0, 2.0, 2.0, 2.0, 2.0, 2.0, 2.0, 2.0, 2.0, 2.0, 2.0, 2.0, 2.0, 2.0, 2.0, 2.0, 1.9859063887726798, 1.94592863727494, 1.8844905541942298, 1.8066407360103203, 1.71737992226897, 1.62119813622729, 1.5218069799913503, 1.4220307631771898, 1.3238127737391299, 1.22829516249564, 1.13593828003474, 1.0466545997810799, 0.959718278964096, 0.873115738585652, 0.7865131982072081, 0.699910657828764, 0.613308117450321, 0.526705577071877, 0.440103036693433, 0.35350049631498903, 0.26689795593654503, 0.18029541555810102, 0.0937917148221421, 0.00755900435058784, -0.0796255993171343, -0.16903700717601802, -0.26158100644220394, -0.35754732971736797, -0.456340055668299, -0.5563000288861301, -0.6563000288861309, -0.75630002888613, -0.856300028886131, -0.9563000288861311, -1.0560867903585, -1.1520617491233898, -1.2390623896392299, -1.31382687436097, -1.3748547020069901, -1.42204591758017, -1.45632054876102, -1.4792781414193898, -1.4929271968866598, -1.4994923006381002, -1.5012926071047, -1.50067747257539, -1.5, -1.5, -1.5, -1.5, -1.5, -1.5, -1.5, -1.5, -1.5, -1.5, -1.5, -1.5, -1.5, -1.5, -1.5, -1.5, -1.5, -1.5, -1.5, -1.5, -1.49997600891636, -1.47949412705304, -1.4252918273366002, -1.3462850972655702, -1.25242215046959, -1.15289268456228, -1.05508062133925, -0.96416106062219, -0.8831537055395079, -0.813237328997376, -0.7541663587376709, -0.7046822612825381, -0.662861165270697, -0.626376987030968, -0.5926847568324809, -0.559143904372261, -0.52310903762556, -0.482018941015461, -0.43351467483758294, -0.375614864160401, -0.30696913151347904, -0.227196556188237, -0.137291928844407, -0.0400461767729605, 0.0598813371437874, 0.159881337143787, 0.259881337143787, 0.359881337143786, 0.45988133714378604, 0.5598696389111961, 0.659704249940046, 0.759292181212732, 0.8587071664130721, 0.958110859268176, 1.05767014756096, 1.157474503105, 1.25745290956505, 1.3572906612666003, 1.45634788041944, 1.5535839391136501, 1.6474950161228001, 1.73607556341256, 1.81681809945831, 1.88676880289868, 1.94265782938571, 1.9811217539263302, 1.9990294470159098, 2.0], "X_i": [-1.0, -0.9, -0.8, -0.7, -0.6, -0.5, -0.4, -0.3, -0.2, -0.1, 1.22464679914735e-17, 0.1, 0.2, 0.3, 0.4, 0.5, 0.6, 0.7, 0.8, 0.9, 1.0, 1.0433099350855601, 1.08697696933616, 1.1276164261076398, 1.16233937270672, 1.18893997004518, 1.20595591587838, 1.21263253172338, 1.20882599066092, 1.19487860647093, 1.17149246810203, 1.1396197676341002, 1.1003807338025902, 1.05353825675961, 1.00353825675961, 0.9535382567596121, 0.9035382567596121, 0.8535382567596121, 0.8035382567596121, 0.7535382567596122, 0.7035382567596121, 0.653538256759611, 0.603538256759611, 0.5541160846584261, 0.502984468400817, 0.450753030408919, 0.400483106835099, 0.355880076492253, 0.32138546139839697, 0.302163594660366, 0.3, 0.3, 0.3, 0.3, 0.3, 0.297996105992174, 0.284205360683652, 0.257177792554399, 0.21752474657795398, 0.16644678506876298, 0.10542625083240699, 0.0359684315461974, -0.0405873609052353, -0.123182565356514, -0.21108572074387902, -0.30387995961800396, -0.401400792392011, -0.503474070476776, -0.6034740704767769, -0.703474070476776, -0.8034740704767759, -0.903474070476777, -1.0034740704767802, -1.10347407047678, -1.2034740704767801, -1.30347407047678, -1.4034740704767799, -1.50347407047678, -1.60347407047678, -1.70347407047678, -1.80347407047678, -1.9034740704767799, -2.0034740704767797, -2.10347407047678, -2.2034740704767795, -2.3034740704767795, -2.4034740704767796, -2.5007128373517205, -2.52347421596676, -2.5476472558221297, -2.56856733494774, -2.5819254519904, -2.58445666869182, -2.5742156093534803, -2.55051843335015, -2.51367939103245, -2.46466649064297, -2.40477024019938, -2.33534235542343, -2.25762995436128, -2.17270983370297, -2.08151664030695, -1.9849551782816002, -1.88408683880055, -1.78037926083504, -1.67600319866918, -1.57414811895773, -1.4793062672971897, -1.3974439641040302, -1.3359428200055299, -1.30316289746555, -1.3, -1.3, -1.3, -1.3, -1.3, -1.3011444181618401, -1.3072267412621699, -1.3167270195170502, -1.32772415565409, -1.33847004511592, -1.3473822342075101, -1.3530372749453798, -1.35417095881836, -1.3496900349096799, -1.33869836848524, -1.32053861599515, -1.2948482146229, -1.2616256893431999, -1.22129996183082, -1.17479168660285, -1.12355208791047, -1.06956209204472, -1.01527382833619, -1.0],