{"X": [-1.0, -0.75, -0.5, -0.25, 0.0, 0.25, 0.5, 0.75, 1.0, 1.24740395925452, 1.4794255386042, 1.6816387600233302, 1.8414709848078998, 1.94898461935559, 1.9974949866040501, 1.98398594687394, 1.90929742682568, 1.77807319688792, 1.59847214410396, 1.3816609920523302, 1.1411200080598702, 0.891592653589793, 0.641592653589793, 0.391592653589793, 0.141592653589793, -0.10840734641020698, -0.358407346410207, -0.608407346410207, -0.858407346410207, -1.10819513453011, -1.3507832276896203, -1.5715613187423403, -1.7568024953079298, -1.8949893582285802, -1.9775301176651001, -1.9992927889753798, -1.95892427466314, -1.85893449342659, -1.70554032557039, -1.50827907749926, -1.2794154981989199, -1.0331792165475602, -1.0], "Y": [1.0, 1.0, 1.0, 1.0, 1.0, 1.0, 1.0, 1.0, 1.0, 0.968912421710645, 0.877582561890373, 0.7316888688738209, 0.54030230586814, 0.31532236239526895, 0.070737201667703, -0.178246055649492, -0.416146836547142, -0.628173622722739, -0.801143615546934, -0.9243023786324641, -0.9899924966004449, -1.0, -1.0, -1.0, -1.0, -1.0, -1.0, -1.0, -1.0, -0.9941296760805459, -0.9364566872907959, -0.8205593573395601, -0.6536436208636109, -0.4460874899137921, -0.210795799430779, 0.0376021528879773, 0.283662185463227, 0.5120854772418411, 0.70866977429126, 0.8611924171615211, 0.9601702866503661, 0.9994494182244991, 1.0], "X_i": [-1.0, -0.75, -0.5, -0.25, 1.8369701987210297e-17, 0.25, 0.5, 0.75, 1.0, 1.17318277147817, 1.33559787702294, 1.47714713201633, 1.58902968936553, 1.6642892335489101, 1.6982464906228403, 1.68879016281176, 1.63650819877798, 1.54465123782154, 1.41893050087277, 1.2671626944366299, 1.09878400564191, 0.891592653589793, 0.641592653589793, 0.391592653589793, 0.141592653589793, -0.10840734641020698, -0.358407346410207, -0.608407346410207, -0.858407346410207, -1.07573659417108, -1.24554825938273, -1.4000929231196397, -1.5297617467155502, -1.6264925507600099, -1.68427108236557, -1.69950495228276, -1.6712469922642, -1.6012541453986102, -1.4938782278992702, -1.35579535424948, -1.19559084873925, -1.0232254515832901, -1.0], "Y_i": [0.7, 0.7, 0.7, 0.7, 0.7, 0.7, 0.7, 0.7, 0.7, 0.6782386951974512, 0.614307793323261, 0.512182208211675, 0.378211614107698, 0.220725653676688, 0.0495160411673921, -0.124772238954644, -0.291302785583, -0.43972153590591706, -0.5608005308828531, -0.647011665042724, -0.692994747620312, -0.7, -0.7, -0.7, -0.7, -0.7, -0.7, -0.7, -0.7, -0.695890773256382, -0.655519681103557, -0.574391550137692, -0.45755053460452794, -0.312261242939655, -0.14755705960154503, 0.0263215070215841, 0.19856352982425898, 0.358459834069289, 0.496068842003882, 0.6028346920130649, 0.6721192006552559, 0.6996145927571489, 0.7], "X_o": [-1.0, -0.75, -0.5, -0.25, 1.8369701987210297e-17, 0.25, 0.5, 0.75, 1.0, 1.32162514703088, 1.6232532001854598, 1.88613038803033, 2.09391228025027, 2.2336800051622596, 2.29674348258527, 2.27918173093612, 2.1820866548733897, 2.0114951559543, 1.7780137873351398, 1.4961592896680302, 1.18345601047783, 0.891592653589793, 0.641592653589793, 0.391592653589793, 0.141592653589793, -0.10840734641020698, -0.358407346410207, -0.608407346410207, -0.858407346410207, -1.1406536748891398, -1.4560181959965102, -1.7430297143650502, -1.9838432439003102, -2.16348616569716, -2.27078915296463, -2.2990806256679903, -2.24660155706208, -2.11661484145457, -1.9172024232415101, -1.66076280074903, -1.3632401476586002, -1.04313298151182, -1.0], "Y_o": [1.3, 1.3, 1.3, 1.3, 1.3, 1.3, 1.3, 1.3, 1.3, 1.2595861482238402, 1.14085733045748, 0.9511955295359671, 0.702392997628582, 0.409919071113849, 0.0919583621680139, -0.23171987234434002, -0.540990887511285, -0.8166257095395609, -1.04148670021101, -1.2015930922221998, -1.2869902455805802, -1.3, -1.3, -1.3, -1.3, -1.3, -1.3, -1.3, -1.3, -1.29236857890471, -1.21739369347803, -1.06672716454143, -0.849736707122695, -0.57991373688793, -0.274034539260013, 0.0488827987543705, 0.36876084110219504, 0.665711120414393, 0.921270706578638, 1.1195501423099798, 1.24822137264548, 1.2992842436918501, 1.3]}